{
  "key" : "t",
  "packageType" : "generic",
  "description" : "",
  "notes" : "",
  "includesPattern" : "**/*",
  "excludesPattern" : "",
  "repoLayoutRef" : "simple-default",
  "enableComposerSupport" : false,
  "enableNuGetSupport" : false,
  "enableGemsSupport" : false,
  "enableNpmSupport" : false,
  "enableBowerSupport" : false,
  "enableCocoaPodsSupport" : false,
  "enableConanSupport" : false,
  "enableDebianSupport" : false,
  "debianTrivialLayout" : false,
  "enablePypiSupport" : false,
  "enablePuppetSupport" : false,
  "enableDockerSupport" : false,
  "dockerApiVersion" : "V2",
  "forceNugetAuthentication" : false,
  "enableVagrantSupport" : false,
  "enableGitLfsSupport" : false,
  "enableDistRepoSupport" : false,
  "repositories" : [ ],
  "artifactoryRequestsCanRetrieveRemoteArtifacts" : false,
  "keyPair" : "",
  "pomRepositoryReferencesCleanupPolicy" : "discard_active_reference",
  "externalDependenciesEnabled" : false,
  "virtualRetrievalCachePeriodSecs" : 600,
  "forceMavenAuthentication" : false,
  "debianDefaultArchitectures" : "i386,amd64",
  "enabledChefSupport" : false,
  "rclass" : "virtual"
}
