{
  "key" : "try12",
  "packageType" : "generic",
  "description" : "",
  "notes" : "",
  "includesPattern" : "**/*",
  "excludesPattern" : "",
  "repoLayoutRef" : "simple-default",
  "enableComposerSupport" : false,
  "enableNuGetSupport" : false,
  "enableGemsSupport" : false,
  "enableNpmSupport" : false,
  "enableBowerSupport" : false,
  "enableCocoaPodsSupport" : false,
  "enableConanSupport" : false,
  "enableDebianSupport" : false,
  "debianTrivialLayout" : false,
  "enablePypiSupport" : false,
  "enablePuppetSupport" : false,
  "enableDockerSupport" : false,
  "dockerApiVersion" : "V2",
  "forceNugetAuthentication" : false,
  "enableVagrantSupport" : false,
  "enableGitLfsSupport" : false,
  "enableDistRepoSupport" : false,
  "checksumPolicyType" : "client-checksums",
  "handleReleases" : true,
  "handleSnapshots" : true,
  "maxUniqueSnapshots" : 0,
  "maxUniqueTags" : 0,
  "snapshotVersionBehavior" : "unique",
  "suppressPomConsistencyChecks" : true,
  "blackedOut" : false,
  "propertySets" : [ ],
  "archiveBrowsingEnabled" : false,
  "calculateYumMetadata" : false,
  "enableFileListsIndexing" : false,
  "yumRootDepth" : 0,
  "xrayIndex" : false,
  "enabledChefSupport" : false,
  "rclass" : "local"
}
