{
  "key" : "tr2",
  "packageType" : "generic",
  "description" : "",
  "notes" : "",
  "includesPattern" : "**/*",
  "excludesPattern" : "",
  "repoLayoutRef" : "simple-default",
  "enableComposerSupport" : false,
  "enableNuGetSupport" : false,
  "enableGemsSupport" : false,
  "enableNpmSupport" : false,
  "enableBowerSupport" : false,
  "enableCocoaPodsSupport" : false,
  "enableConanSupport" : false,
  "enableDebianSupport" : false,
  "debianTrivialLayout" : false,
  "enablePypiSupport" : false,
  "enablePuppetSupport" : false,
  "enableDockerSupport" : false,
  "dockerApiVersion" : "V2",
  "forceNugetAuthentication" : false,
  "enableVagrantSupport" : false,
  "enableGitLfsSupport" : false,
  "enableDistRepoSupport" : false,
  "url" : "http://13.233.204.11:8081",
  "username" : "",
  "password" : "",
  "handleReleases" : true,
  "handleSnapshots" : true,
  "suppressPomConsistencyChecks" : true,
  "remoteRepoChecksumPolicyType" : "generate-if-absent",
  "hardFail" : false,
  "offline" : false,
  "blackedOut" : false,
  "storeArtifactsLocally" : true,
  "socketTimeoutMillis" : 15000,
  "localAddress" : "",
  "retrievalCachePeriodSecs" : 600,
  "assumedOfflinePeriodSecs" : 300,
  "missedRetrievalCachePeriodSecs" : 1800,
  "unusedArtifactsCleanupPeriodHours" : 0,
  "fetchJarsEagerly" : false,
  "fetchSourcesEagerly" : false,
  "shareConfiguration" : false,
  "synchronizeProperties" : false,
  "maxUniqueSnapshots" : 0,
  "maxUniqueTags" : 0,
  "propertySets" : [ "artifactory" ],
  "archiveBrowsingEnabled" : false,
  "listRemoteFolderItems" : true,
  "rejectInvalidJars" : false,
  "allowAnyHostAuth" : false,
  "enableCookieManagement" : false,
  "enableTokenAuthentication" : false,
  "propagateQueryParams" : false,
  "blockMismatchingMimeTypes" : true,
  "mismatchingMimeTypesOverrideList" : "",
  "bypassHeadRequests" : false,
  "contentSynchronisation" : {
    "enabled" : false,
    "statistics" : {
      "enabled" : false
    },
    "properties" : {
      "enabled" : false
    },
    "source" : {
      "originAbsenceDetection" : false
    }
  },
  "externalDependenciesEnabled" : false,
  "xrayIndex" : false,
  "enabledChefSupport" : false,
  "rclass" : "remote"
}
